"count","group"
37876,"cluster1"
44323,"cluster1"
49582,"cluster1"
43296,"cluster1"
48544,"cluster1"
44308,"cluster1"
42202,"cluster1"
40328,"cluster1"
44764,"cluster1"
48766,"cluster1"
43480,"cluster1"
45302,"cluster1"
44392,"cluster1"
46283,"cluster1"
44842,"cluster1"
40106,"cluster1"
47409,"cluster1"
41285,"cluster1"
44533,"cluster1"
44367,"cluster1"
38639,"cluster1"
47315,"cluster1"
39991,"cluster1"
43575,"cluster1"
44055,"cluster1"
46663,"cluster1"
39336,"cluster1"
45476,"cluster1"
40004,"cluster1"
46565,"cluster1"
35658,"cluster1"
37500,"cluster1"
47904,"cluster1"
43006,"cluster1"
43608,"cluster1"
57162,"cluster1"
47632,"cluster1"
46949,"cluster1"
47001,"cluster1"
56203,"cluster1"
37833,"cluster1"
44189,"cluster1"
51341,"cluster1"
51550,"cluster1"
47653,"cluster1"
41561,"cluster1"
47178,"cluster1"
43746,"cluster1"
43583,"cluster1"
44135,"cluster1"
41598,"cluster1"
54068,"cluster1"
52512,"cluster1"
45766,"cluster1"
37735,"cluster1"
48083,"cluster1"
44886,"cluster1"
41902,"cluster1"
38486,"cluster1"
42026,"cluster1"
49539,"cluster1"
39411,"cluster1"
44211,"cluster1"
42223,"cluster1"
39100,"cluster1"
42006,"cluster1"
43746,"cluster1"
42201,"cluster1"
46680,"cluster1"
50830,"cluster1"
35693,"cluster1"
40694,"cluster1"
36735,"cluster1"
38015,"cluster1"
48177,"cluster1"
42264,"cluster1"
39437,"cluster1"
38100,"cluster1"
46530,"cluster1"
46380,"cluster1"
53134,"cluster1"
45519,"cluster1"
41436,"cluster1"
40013,"cluster1"
42333,"cluster1"
41837,"cluster1"
43633,"cluster1"
33343,"cluster1"
41644,"cluster1"
45394,"cluster1"
42207,"cluster1"
36697,"cluster1"
44782,"cluster1"
41510,"cluster1"
37438,"cluster1"
43222,"cluster1"
43260,"cluster1"
43535,"cluster1"
37523,"cluster1"
44664,"cluster1"
49066,"cluster1"
48895,"cluster1"
35505,"cluster1"
38899,"cluster1"
40670,"cluster1"
37945,"cluster1"
43951,"cluster1"
39203,"cluster1"
43483,"cluster1"
39096,"cluster1"
39609,"cluster1"
48235,"cluster1"
41112,"cluster1"
45638,"cluster1"
43010,"cluster1"
38483,"cluster1"
46663,"cluster1"
36800,"cluster1"
36950,"cluster1"
43074,"cluster1"
39104,"cluster1"
42615,"cluster1"
50327,"cluster1"
41979,"cluster1"
58581,"cluster1"
49100,"cluster1"
40966,"cluster1"
37348,"cluster1"
38974,"cluster1"
36301,"cluster1"
44591,"cluster1"
51337,"cluster1"
39472,"cluster1"
48118,"cluster1"
41289,"cluster1"
45410,"cluster1"
39022,"cluster1"
39484,"cluster1"
57712,"cluster1"
48262,"cluster1"
36803,"cluster1"
49633,"cluster1"
43343,"cluster1"
45557,"cluster1"
39731,"cluster1"
43593,"cluster1"
39562,"cluster1"
47270,"cluster1"
47088,"cluster1"
37951,"cluster1"
42354,"cluster1"
46247,"cluster1"
32169,"cluster1"
41907,"cluster1"
48014,"cluster1"
44815,"cluster1"
42641,"cluster1"
46120,"cluster1"
42956,"cluster1"
40848,"cluster1"
37529,"cluster1"
43473,"cluster1"
44820,"cluster1"
45228,"cluster1"
49981,"cluster1"
42518,"cluster1"
37315,"cluster1"
50242,"cluster1"
46099,"cluster1"
46022,"cluster1"
47403,"cluster1"
42560,"cluster1"
46608,"cluster1"
45895,"cluster1"
51143,"cluster1"
48688,"cluster1"
43468,"cluster1"
40959,"cluster1"
49756,"cluster1"
47639,"cluster1"
42013,"cluster1"
42411,"cluster1"
42390,"cluster1"
45322,"cluster1"
48610,"cluster1"
46439,"cluster1"
49322,"cluster1"
46683,"cluster1"
45830,"cluster1"
39974,"cluster1"
37944,"cluster1"
43005,"cluster1"
39414,"cluster1"
34568,"cluster1"
51265,"cluster1"
50593,"cluster1"
39705,"cluster1"
39244,"cluster1"
46060,"cluster1"
47610,"cluster1"
40745,"cluster1"
42551,"cluster1"
41957,"cluster1"
40358,"cluster1"
41680,"cluster1"
42010,"cluster1"
42888,"cluster1"
39436,"cluster1"
44670,"cluster1"
37538,"cluster1"
46394,"cluster1"
42369,"cluster1"
49381,"cluster1"
45613,"cluster1"
47361,"cluster1"
32511,"cluster1"
48364,"cluster1"
48855,"cluster1"
36764,"cluster1"
42661,"cluster1"
40056,"cluster1"
44840,"cluster1"
49022,"cluster1"
41868,"cluster1"
41568,"cluster1"
47495,"cluster1"
40540,"cluster1"
49990,"cluster1"
41733,"cluster1"
45339,"cluster1"
44692,"cluster1"
39437,"cluster1"
44006,"cluster1"
41456,"cluster1"
47138,"cluster1"
46925,"cluster1"
36981,"cluster1"
47546,"cluster1"
42285,"cluster1"
35640,"cluster1"
46906,"cluster1"
42077,"cluster1"
46356,"cluster1"
47459,"cluster1"
45496,"cluster1"
41954,"cluster1"
49326,"cluster1"
44196,"cluster1"
44198,"cluster1"
45928,"cluster1"
35682,"cluster1"
40119,"cluster1"
59030,"cluster1"
41670,"cluster1"
39781,"cluster1"
47970,"cluster1"
41419,"cluster1"
39620,"cluster1"
47642,"cluster1"
38493,"cluster1"
40370,"cluster1"
37542,"cluster1"
35248,"cluster1"
43093,"cluster1"
40232,"cluster1"
45251,"cluster1"
45309,"cluster1"
44488,"cluster1"
43134,"cluster1"
42705,"cluster1"
40885,"cluster1"
42128,"cluster1"
47993,"cluster1"
44608,"cluster1"
47635,"cluster1"
39519,"cluster1"
48650,"cluster1"
45570,"cluster1"
47473,"cluster1"
49270,"cluster1"
37851,"cluster1"
43970,"cluster1"
43512,"cluster1"
50961,"cluster1"
39616,"cluster1"
41992,"cluster1"
41798,"cluster1"
47885,"cluster1"
43071,"cluster1"
40831,"cluster1"
43881,"cluster1"
40222,"cluster1"
43581,"cluster1"
42281,"cluster1"
35075,"cluster1"
47091,"cluster1"
35036,"cluster1"
54062,"cluster1"
43876,"cluster1"
38515,"cluster1"
36226,"cluster1"
44085,"cluster1"
46188,"cluster1"
42941,"cluster1"
38711,"cluster1"
40332,"cluster1"
39144,"cluster1"
35221,"cluster1"
45798,"cluster1"
59988,"cluster1"
32364,"cluster1"
39575,"cluster1"
43503,"cluster1"
45319,"cluster1"
50707,"cluster1"
47435,"cluster1"
51607,"cluster1"
41992,"cluster1"
40846,"cluster1"
45391,"cluster1"
44817,"cluster1"
45022,"cluster1"
47763,"cluster1"
39384,"cluster1"
52727,"cluster1"
40099,"cluster1"
43183,"cluster1"
40717,"cluster1"
50523,"cluster1"
45325,"cluster1"
50682,"cluster1"
43217,"cluster1"
44209,"cluster1"
44783,"cluster1"
46319,"cluster1"
40140,"cluster1"
36200,"cluster1"
43005,"cluster1"
49125,"cluster1"
48103,"cluster1"
45894,"cluster1"
49357,"cluster1"
36035,"cluster1"
39342,"cluster1"
33056,"cluster1"
44540,"cluster1"
47671,"cluster1"
44338,"cluster1"
51138,"cluster1"
37178,"cluster1"
43091,"cluster1"
50382,"cluster1"
48796,"cluster1"
38948,"cluster1"
55884,"cluster1"
49647,"cluster1"
34748,"cluster1"
44744,"cluster1"
46044,"cluster1"
45479,"cluster1"
34718,"cluster1"
49769,"cluster1"
42691,"cluster1"
37658,"cluster1"
37179,"cluster1"
47274,"cluster1"
46268,"cluster1"
47287,"cluster1"
47217,"cluster1"
45790,"cluster1"
46392,"cluster1"
40333,"cluster1"
43125,"cluster1"
51222,"cluster1"
32660,"cluster1"
42535,"cluster1"
46781,"cluster1"
46061,"cluster1"
42425,"cluster1"
39179,"cluster1"
39943,"cluster1"
41172,"cluster1"
38755,"cluster1"
42704,"cluster1"
43553,"cluster1"
41424,"cluster1"
48315,"cluster1"
37771,"cluster1"
54115,"cluster1"
37470,"cluster1"
42325,"cluster1"
38114,"cluster1"
44358,"cluster1"
42217,"cluster1"
46655,"cluster1"
45801,"cluster1"
54291,"cluster1"
39902,"cluster1"
50778,"cluster1"
44982,"cluster1"
41531,"cluster1"
41018,"cluster1"
43024,"cluster1"
47970,"cluster1"
45202,"cluster1"
45485,"cluster1"
39518,"cluster1"
36038,"cluster1"
44275,"cluster1"
42422,"cluster1"
38786,"cluster1"
43492,"cluster1"
40977,"cluster1"
47688,"cluster1"
42283,"cluster1"
45679,"cluster1"
35853,"cluster1"
43102,"cluster1"
42755,"cluster1"
43296,"cluster1"
51688,"cluster1"
41752,"cluster1"
42860,"cluster1"
43632,"cluster1"
40260,"cluster1"
35930,"cluster1"
52451,"cluster1"
38911,"cluster1"
37070,"cluster1"
28640,"cluster1"
36953,"cluster1"
42955,"cluster1"
45827,"cluster1"
36781,"cluster1"
40610,"cluster1"
45500,"cluster1"
36928,"cluster1"
34920,"cluster1"
49956,"cluster1"
39846,"cluster1"
46148,"cluster1"
49059,"cluster1"
44210,"cluster1"
39325,"cluster1"
45275,"cluster1"
49051,"cluster1"
45794,"cluster1"
36279,"cluster1"
42139,"cluster1"
32176,"cluster1"
50441,"cluster1"
36007,"cluster1"
36523,"cluster1"
38809,"cluster1"
44567,"cluster1"
36038,"cluster1"
40580,"cluster1"
43811,"cluster1"
44560,"cluster1"
43977,"cluster1"
47652,"cluster1"
40692,"cluster1"
45085,"cluster1"
38108,"cluster1"
44971,"cluster1"
40298,"cluster1"
44606,"cluster1"
43516,"cluster1"
47380,"cluster1"
43537,"cluster1"
37692,"cluster1"
37956,"cluster1"
47255,"cluster1"
45592,"cluster1"
38337,"cluster1"
44446,"cluster1"
45812,"cluster1"
46335,"cluster1"
44719,"cluster1"
44188,"cluster1"
40818,"cluster1"
48206,"cluster1"
51992,"cluster1"
41791,"cluster1"
36739,"cluster1"
41871,"cluster1"
46721,"cluster1"
32016,"cluster1"
45894,"cluster1"
46626,"cluster1"
37623,"cluster1"
41295,"cluster1"
47858,"cluster1"
42496,"cluster1"
39546,"cluster1"
40788,"cluster1"
38036,"cluster1"
39584,"cluster1"
35363,"cluster1"
38451,"cluster1"
38583,"cluster1"
40367,"cluster1"
40626,"cluster1"
45945,"cluster1"
48106,"cluster1"
49654,"cluster1"
47811,"cluster1"
43888,"cluster1"
43135,"cluster1"
46425,"cluster1"
43243,"cluster1"
46682,"cluster1"
36801,"cluster1"
40008,"cluster1"
39875,"cluster1"
38874,"cluster1"
44149,"cluster1"
44221,"cluster1"
42534,"cluster1"
54039,"cluster1"
42192,"cluster1"
42476,"cluster1"
37940,"cluster1"
44454,"cluster1"
38817,"cluster1"
41745,"cluster1"
47093,"cluster1"
38173,"cluster1"
39324,"cluster1"
42706,"cluster1"
39939,"cluster1"
42181,"cluster1"
39296,"cluster1"
39034,"cluster1"
45019,"cluster1"
42781,"cluster1"
47470,"cluster1"
41991,"cluster1"
41172,"cluster1"
41080,"cluster1"
40562,"cluster1"
41779,"cluster1"
42127,"cluster1"
42125,"cluster1"
36247,"cluster1"
45644,"cluster1"
43233,"cluster1"
49734,"cluster1"
54033,"cluster1"
50836,"cluster1"
34177,"cluster1"
44207,"cluster1"
47545,"cluster1"
47296,"cluster1"
49966,"cluster1"
42488,"cluster1"
45305,"cluster1"
50449,"cluster1"
41372,"cluster1"
44802,"cluster1"
41718,"cluster1"
38378,"cluster1"
42201,"cluster1"
45569,"cluster1"
34055,"cluster1"
43727,"cluster1"
47341,"cluster1"
45497,"cluster1"
32021,"cluster1"
38738,"cluster1"
37802,"cluster1"
45843,"cluster1"
42109,"cluster1"
39437,"cluster1"
43046,"cluster1"
40730,"cluster1"
47220,"cluster1"
39246,"cluster1"
49971,"cluster1"
42188,"cluster1"
42504,"cluster1"
41865,"cluster1"
48139,"cluster1"
46100,"cluster1"
55793,"cluster1"
38216,"cluster1"
48410,"cluster1"
44642,"cluster1"
43652,"cluster1"
46900,"cluster1"
46609,"cluster1"
40509,"cluster1"
51351,"cluster1"
36662,"cluster1"
36620,"cluster1"
44195,"cluster1"
45439,"cluster1"
40311,"cluster1"
37976,"cluster1"
47946,"cluster1"
44762,"cluster1"
39990,"cluster1"
48987,"cluster1"
50860,"cluster1"
43757,"cluster1"
47482,"cluster1"
39261,"cluster1"
42473,"cluster1"
39323,"cluster1"
45687,"cluster1"
50135,"cluster1"
37820,"cluster1"
40536,"cluster1"
41403,"cluster1"
38889,"cluster1"
53506,"cluster1"
47470,"cluster1"
41398,"cluster1"
49981,"cluster1"
49915,"cluster1"
43402,"cluster1"
49026,"cluster1"
40738,"cluster1"
50112,"cluster1"
36394,"cluster1"
36141,"cluster1"
45932,"cluster1"
40029,"cluster1"
42705,"cluster1"
42230,"cluster1"
35949,"cluster1"
49343,"cluster1"
42554,"cluster1"
42359,"cluster1"
41837,"cluster1"
48224,"cluster1"
48818,"cluster1"
35936,"cluster1"
41044,"cluster1"
39039,"cluster1"
44948,"cluster1"
38016,"cluster1"
47447,"cluster1"
39962,"cluster1"
40520,"cluster1"
42875,"cluster1"
53494,"cluster1"
39385,"cluster1"
45312,"cluster1"
42457,"cluster1"
46560,"cluster1"
44522,"cluster1"
33937,"cluster1"
42322,"cluster1"
44922,"cluster1"
52054,"cluster1"
44274,"cluster1"
45771,"cluster1"
49106,"cluster1"
42290,"cluster1"
43058,"cluster1"
49432,"cluster1"
36606,"cluster1"
48722,"cluster1"
46356,"cluster1"
40302,"cluster1"
43584,"cluster1"
42675,"cluster1"
49287,"cluster1"
37670,"cluster1"
39872,"cluster1"
40493,"cluster1"
50128,"cluster1"
35319,"cluster1"
36687,"cluster1"
42827,"cluster1"
44879,"cluster1"
46452,"cluster1"
46151,"cluster1"
47549,"cluster1"
44971,"cluster1"
40875,"cluster1"
41600,"cluster1"
46623,"cluster1"
41191,"cluster1"
44946,"cluster1"
46589,"cluster1"
49297,"cluster1"
47360,"cluster1"
45509,"cluster1"
45125,"cluster1"
54182,"cluster1"
38476,"cluster1"
40976,"cluster1"
38144,"cluster1"
40552,"cluster1"
43103,"cluster1"
51202,"cluster1"
50270,"cluster1"
46987,"cluster1"
44216,"cluster1"
42186,"cluster1"
53230,"cluster1"
46402,"cluster1"
44874,"cluster1"
42146,"cluster1"
49259,"cluster1"
49112,"cluster1"
47923,"cluster1"
42084,"cluster1"
34955,"cluster1"
40755,"cluster1"
43033,"cluster1"
49113,"cluster1"
39196,"cluster1"
40689,"cluster1"
43158,"cluster1"
43810,"cluster1"
41771,"cluster1"
37400,"cluster1"
38874,"cluster1"
38477,"cluster1"
38324,"cluster1"
43803,"cluster1"
33728,"cluster1"
39115,"cluster1"
55505,"cluster1"
40528,"cluster1"
39535,"cluster1"
41564,"cluster1"
38368,"cluster1"
35587,"cluster1"
38365,"cluster1"
39582,"cluster1"
43774,"cluster1"
53517,"cluster1"
42317,"cluster1"
46171,"cluster1"
51823,"cluster1"
40500,"cluster1"
43824,"cluster1"
42453,"cluster1"
42716,"cluster1"
40096,"cluster1"
43334,"cluster1"
40616,"cluster1"
37802,"cluster1"
41428,"cluster1"
37983,"cluster1"
49723,"cluster1"
38913,"cluster1"
50304,"cluster1"
46825,"cluster1"
47817,"cluster1"
42030,"cluster1"
41854,"cluster1"
47711,"cluster1"
36259,"cluster1"
43224,"cluster1"
47334,"cluster1"
40155,"cluster1"
36714,"cluster1"
44391,"cluster1"
42690,"cluster1"
44817,"cluster1"
49483,"cluster1"
36014,"cluster1"
48884,"cluster1"
40194,"cluster1"
38650,"cluster1"
42705,"cluster1"
36914,"cluster1"
35366,"cluster1"
48117,"cluster1"
51615,"cluster1"
44351,"cluster1"
44562,"cluster1"
41894,"cluster1"
44884,"cluster1"
47526,"cluster1"
40237,"cluster1"
41885,"cluster1"
39786,"cluster1"
49920,"cluster1"
45186,"cluster1"
44348,"cluster1"
42970,"cluster1"
40085,"cluster1"
37376,"cluster1"
41632,"cluster1"
40361,"cluster1"
36944,"cluster1"
43376,"cluster1"
41096,"cluster1"
47277,"cluster1"
36449,"cluster1"
48326,"cluster1"
38227,"cluster1"
48215,"cluster1"
34474,"cluster1"
41809,"cluster1"
43326,"cluster1"
38941,"cluster1"
48698,"cluster1"
48985,"cluster1"
44831,"cluster1"
50267,"cluster1"
39928,"cluster1"
33591,"cluster1"
50521,"cluster1"
43691,"cluster1"
44041,"cluster1"
47822,"cluster1"
33983,"cluster1"
50120,"cluster1"
35907,"cluster1"
38134,"cluster1"
34561,"cluster1"
45031,"cluster1"
41734,"cluster1"
46256,"cluster1"
46981,"cluster1"
45376,"cluster1"
46302,"cluster1"
36027,"cluster1"
41991,"cluster1"
38759,"cluster1"
39499,"cluster1"
36350,"cluster1"
39108,"cluster1"
40260,"cluster1"
53113,"cluster1"
46455,"cluster1"
48112,"cluster1"
46048,"cluster1"
42882,"cluster1"
45455,"cluster1"
44292,"cluster1"
46842,"cluster1"
43800,"cluster1"
43975,"cluster1"
44130,"cluster1"
50562,"cluster1"
46346,"cluster1"
39235,"cluster1"
42151,"cluster1"
46291,"cluster1"
48059,"cluster1"
50472,"cluster1"
46893,"cluster1"
35239,"cluster1"
49419,"cluster1"
36450,"cluster1"
47599,"cluster1"
45195,"cluster1"
38924,"cluster1"
35809,"cluster1"
41001,"cluster1"
48647,"cluster1"
35404,"cluster1"
49419,"cluster1"
46234,"cluster1"
45498,"cluster1"
46716,"cluster1"
46075,"cluster1"
39161,"cluster1"
34504,"cluster1"
42302,"cluster1"
51611,"cluster1"
44137,"cluster1"
42512,"cluster1"
43728,"cluster1"
41894,"cluster1"
45620,"cluster1"
45053,"cluster1"
41659,"cluster1"
37937,"cluster1"
46304,"cluster1"
33991,"cluster1"
37637,"cluster1"
45631,"cluster1"
44941,"cluster1"
38990,"cluster1"
40658,"cluster1"
41675,"cluster1"
42601,"cluster1"
46279,"cluster1"
34223,"cluster1"
45057,"cluster1"
39657,"cluster1"
50524,"cluster1"
46515,"cluster1"
43632,"cluster1"
48058,"cluster1"
46200,"cluster1"
47365,"cluster1"
43486,"cluster1"
54007,"cluster1"
44978,"cluster1"
46643,"cluster1"
40928,"cluster1"
41909,"cluster1"
43650,"cluster1"
35144,"cluster1"
44255,"cluster1"
40951,"cluster1"
42821,"cluster1"
33918,"cluster1"
41134,"cluster1"
33676,"cluster1"
49867,"cluster1"
42543,"cluster1"
46722,"cluster1"
47779,"cluster1"
43728,"cluster1"
38639,"cluster1"
38626,"cluster1"
45828,"cluster1"
42507,"cluster1"
52013,"cluster1"
40599,"cluster1"
39491,"cluster1"
43712,"cluster1"
49530,"cluster1"
54633,"cluster1"
43998,"cluster1"
37975,"cluster1"
54708,"cluster1"
44102,"cluster1"
41403,"cluster1"
44354,"cluster1"
38999,"cluster1"
42563,"cluster1"
46691,"cluster1"
38682,"cluster1"
43669,"cluster1"
44769,"cluster1"
45616,"cluster1"
41629,"cluster1"
35859,"cluster1"
49131,"cluster1"
43153,"cluster1"
39912,"cluster1"
46152,"cluster1"
44397,"cluster1"
39660,"cluster1"
48421,"cluster1"
38013,"cluster1"
42100,"cluster1"
46195,"cluster1"
43083,"cluster1"
47485,"cluster1"
45460,"cluster1"
41137,"cluster1"
46597,"cluster1"
40857,"cluster1"
36140,"cluster1"
43744,"cluster1"
44362,"cluster1"
33960,"cluster1"
44279,"cluster1"
35982,"cluster1"
46010,"cluster1"
49713,"cluster1"
45923,"cluster1"
48550,"cluster1"
38414,"cluster1"
52196,"cluster1"
41164,"cluster1"
44312,"cluster1"
42060,"cluster1"
46044,"cluster1"
50095,"cluster1"
46218,"cluster1"
44655,"cluster1"
44695,"cluster1"
45834,"cluster1"
38308,"cluster1"
39175,"cluster1"
43444,"cluster1"
46266,"cluster1"
42741,"cluster1"
46112,"cluster1"
45670,"cluster1"
36717,"cluster1"
41712,"cluster1"
48643,"cluster1"
45691,"cluster1"
45455,"cluster1"
43897,"cluster1"
48973,"cluster1"
41958,"cluster1"
45507,"cluster1"
41449,"cluster1"
49131,"cluster1"
49445,"cluster1"
38205,"cluster1"
44890,"cluster1"
38171,"cluster1"
38349,"cluster1"
17900,"cluster2"
19516,"cluster2"
23822,"cluster2"
21182,"cluster2"
22074,"cluster2"
16477,"cluster2"
19671,"cluster2"
19337,"cluster2"
19648,"cluster2"
19166,"cluster2"
19403,"cluster2"
20965,"cluster2"
21207,"cluster2"
19560,"cluster2"
23859,"cluster2"
21629,"cluster2"
19741,"cluster2"
20030,"cluster2"
21998,"cluster2"
20465,"cluster2"
16042,"cluster2"
23224,"cluster2"
19127,"cluster2"
21204,"cluster2"
19547,"cluster2"
21154,"cluster2"
21123,"cluster2"
20949,"cluster2"
19162,"cluster2"
21082,"cluster2"
15784,"cluster2"
19289,"cluster2"
22146,"cluster2"
16778,"cluster2"
19766,"cluster2"
26372,"cluster2"
21638,"cluster2"
20075,"cluster2"
17513,"cluster2"
27344,"cluster2"
16967,"cluster2"
19237,"cluster2"
20719,"cluster2"
26982,"cluster2"
17409,"cluster2"
19543,"cluster2"
23511,"cluster2"
18978,"cluster2"
22463,"cluster2"
18316,"cluster2"
17936,"cluster2"
24582,"cluster2"
26922,"cluster2"
16261,"cluster2"
17636,"cluster2"
26330,"cluster2"
22621,"cluster2"
16714,"cluster2"
17770,"cluster2"
22893,"cluster2"
25116,"cluster2"
20075,"cluster2"
21716,"cluster2"
18548,"cluster2"
17393,"cluster2"
18553,"cluster2"
21208,"cluster2"
20957,"cluster2"
19747,"cluster2"
22123,"cluster2"
14965,"cluster2"
20382,"cluster2"
14748,"cluster2"
19721,"cluster2"
23915,"cluster2"
16438,"cluster2"
15340,"cluster2"
18819,"cluster2"
20334,"cluster2"
22092,"cluster2"
25067,"cluster2"
20946,"cluster2"
21063,"cluster2"
19639,"cluster2"
19308,"cluster2"
18127,"cluster2"
21431,"cluster2"
17735,"cluster2"
20228,"cluster2"
17992,"cluster2"
17302,"cluster2"
18668,"cluster2"
20206,"cluster2"
20414,"cluster2"
17321,"cluster2"
19903,"cluster2"
20407,"cluster2"
15872,"cluster2"
19665,"cluster2"
23768,"cluster2"
23528,"cluster2"
20873,"cluster2"
15603,"cluster2"
18861,"cluster2"
20401,"cluster2"
16390,"cluster2"
20808,"cluster2"
19945,"cluster2"
20317,"cluster2"
15658,"cluster2"
19797,"cluster2"
23916,"cluster2"
20494,"cluster2"
20511,"cluster2"
18398,"cluster2"
18181,"cluster2"
21519,"cluster2"
16409,"cluster2"
13953,"cluster2"
18766,"cluster2"
19762,"cluster2"
22183,"cluster2"
24462,"cluster2"
16462,"cluster2"
27049,"cluster2"
22737,"cluster2"
19244,"cluster2"
14854,"cluster2"
16265,"cluster2"
16253,"cluster2"
22832,"cluster2"
17564,"cluster2"
19215,"cluster2"
21177,"cluster2"
17873,"cluster2"
19592,"cluster2"
20345,"cluster2"
21288,"cluster2"
27882,"cluster2"
21205,"cluster2"
15384,"cluster2"
23638,"cluster2"
17709,"cluster2"
22371,"cluster2"
15935,"cluster2"
20745,"cluster2"
14934,"cluster2"
21437,"cluster2"
20913,"cluster2"
14913,"cluster2"
16585,"cluster2"
18651,"cluster2"
13301,"cluster2"
17997,"cluster2"
26733,"cluster2"
21159,"cluster2"
20584,"cluster2"
23054,"cluster2"
19287,"cluster2"
19415,"cluster2"
19217,"cluster2"
18846,"cluster2"
20478,"cluster2"
22853,"cluster2"
20160,"cluster2"
19929,"cluster2"
15507,"cluster2"
24116,"cluster2"
21111,"cluster2"
26067,"cluster2"
20880,"cluster2"
21828,"cluster2"
19818,"cluster2"
19132,"cluster2"
23590,"cluster2"
22983,"cluster2"
18218,"cluster2"
19000,"cluster2"
25347,"cluster2"
22530,"cluster2"
18271,"cluster2"
19709,"cluster2"
23011,"cluster2"
20529,"cluster2"
21423,"cluster2"
16632,"cluster2"
21878,"cluster2"
21207,"cluster2"
20819,"cluster2"
20410,"cluster2"
16726,"cluster2"
18528,"cluster2"
19435,"cluster2"
15492,"cluster2"
27127,"cluster2"
22993,"cluster2"
18960,"cluster2"
18834,"cluster2"
20605,"cluster2"
26158,"cluster2"
18965,"cluster2"
16428,"cluster2"
17050,"cluster2"
16082,"cluster2"
19248,"cluster2"
20821,"cluster2"
16223,"cluster2"
19616,"cluster2"
22015,"cluster2"
15804,"cluster2"
22499,"cluster2"
18254,"cluster2"
24495,"cluster2"
21125,"cluster2"
26502,"cluster2"
16050,"cluster2"
22880,"cluster2"
21587,"cluster2"
15742,"cluster2"
24051,"cluster2"
17818,"cluster2"
18660,"cluster2"
20904,"cluster2"
19739,"cluster2"
20462,"cluster2"
22692,"cluster2"
20687,"cluster2"
23472,"cluster2"
17591,"cluster2"
20900,"cluster2"
18345,"cluster2"
20583,"cluster2"
21247,"cluster2"
19217,"cluster2"
20840,"cluster2"
23021,"cluster2"
17914,"cluster2"
18926,"cluster2"
19786,"cluster2"
18538,"cluster2"
21911,"cluster2"
20124,"cluster2"
22509,"cluster2"
21731,"cluster2"
22596,"cluster2"
17888,"cluster2"
24072,"cluster2"
19428,"cluster2"
22217,"cluster2"
20302,"cluster2"
15471,"cluster2"
19116,"cluster2"
29346,"cluster2"
22607,"cluster2"
19470,"cluster2"
22494,"cluster2"
16504,"cluster2"
18280,"cluster2"
16090,"cluster2"
18626,"cluster2"
20262,"cluster2"
18166,"cluster2"
17795,"cluster2"
18708,"cluster2"
18894,"cluster2"
23950,"cluster2"
21253,"cluster2"
18077,"cluster2"
21482,"cluster2"
19917,"cluster2"
18276,"cluster2"
19906,"cluster2"
20527,"cluster2"
18884,"cluster2"
22873,"cluster2"
19484,"cluster2"
21177,"cluster2"
20432,"cluster2"
17141,"cluster2"
25902,"cluster2"
19275,"cluster2"
19815,"cluster2"
20883,"cluster2"
21082,"cluster2"
18476,"cluster2"
17012,"cluster2"
20549,"cluster2"
22911,"cluster2"
19403,"cluster2"
20709,"cluster2"
20590,"cluster2"
17413,"cluster2"
22089,"cluster2"
18356,"cluster2"
18050,"cluster2"
20489,"cluster2"
18657,"cluster2"
26075,"cluster2"
18965,"cluster2"
16693,"cluster2"
18503,"cluster2"
21366,"cluster2"
22693,"cluster2"
18921,"cluster2"
19385,"cluster2"
20465,"cluster2"
17602,"cluster2"
16527,"cluster2"
21952,"cluster2"
28406,"cluster2"
12473,"cluster2"
17789,"cluster2"
20767,"cluster2"
18871,"cluster2"
22625,"cluster2"
22907,"cluster2"
25844,"cluster2"
22781,"cluster2"
21621,"cluster2"
18363,"cluster2"
20876,"cluster2"
25986,"cluster2"
23811,"cluster2"
18760,"cluster2"
25888,"cluster2"
19929,"cluster2"
21381,"cluster2"
20785,"cluster2"
26949,"cluster2"
20651,"cluster2"
22082,"cluster2"
19877,"cluster2"
18275,"cluster2"
20050,"cluster2"
23265,"cluster2"
19762,"cluster2"
15043,"cluster2"
17644,"cluster2"
23153,"cluster2"
23017,"cluster2"
22965,"cluster2"
22035,"cluster2"
17417,"cluster2"
19628,"cluster2"
15267,"cluster2"
23361,"cluster2"
20891,"cluster2"
20345,"cluster2"
24427,"cluster2"
15989,"cluster2"
24134,"cluster2"
26062,"cluster2"
21938,"cluster2"
17873,"cluster2"
24256,"cluster2"
24875,"cluster2"
17129,"cluster2"
22210,"cluster2"
20584,"cluster2"
22077,"cluster2"
18472,"cluster2"
18436,"cluster2"
20419,"cluster2"
16561,"cluster2"
16086,"cluster2"
21417,"cluster2"
22440,"cluster2"
19036,"cluster2"
22203,"cluster2"
19351,"cluster2"
19247,"cluster2"
17062,"cluster2"
18704,"cluster2"
24716,"cluster2"
13477,"cluster2"
21304,"cluster2"
21399,"cluster2"
21057,"cluster2"
19695,"cluster2"
18545,"cluster2"
16510,"cluster2"
19684,"cluster2"
18193,"cluster2"
20016,"cluster2"
18719,"cluster2"
18779,"cluster2"
22507,"cluster2"
17284,"cluster2"
23369,"cluster2"
17631,"cluster2"
18602,"cluster2"
15687,"cluster2"
20053,"cluster2"
20409,"cluster2"
19668,"cluster2"
21873,"cluster2"
23132,"cluster2"
17260,"cluster2"
25001,"cluster2"
21492,"cluster2"
16875,"cluster2"
18199,"cluster2"
19876,"cluster2"
21595,"cluster2"
24529,"cluster2"
19774,"cluster2"
20067,"cluster2"
19724,"cluster2"
24228,"cluster2"
20988,"cluster2"
17329,"cluster2"
18744,"cluster2"
15277,"cluster2"
22521,"cluster2"
19761,"cluster2"
20816,"cluster2"
16940,"cluster2"
19626,"cluster2"
20115,"cluster2"
18869,"cluster2"
25444,"cluster2"
21377,"cluster2"
14106,"cluster2"
20875,"cluster2"
19635,"cluster2"
16443,"cluster2"
26843,"cluster2"
19957,"cluster2"
18763,"cluster2"
12832,"cluster2"
20131,"cluster2"
20385,"cluster2"
20071,"cluster2"
17808,"cluster2"
16419,"cluster2"
21597,"cluster2"
17083,"cluster2"
18689,"cluster2"
21503,"cluster2"
18108,"cluster2"
21368,"cluster2"
24822,"cluster2"
16511,"cluster2"
21271,"cluster2"
21788,"cluster2"
18764,"cluster2"
20929,"cluster2"
14770,"cluster2"
18452,"cluster2"
17129,"cluster2"
24944,"cluster2"
15149,"cluster2"
16024,"cluster2"
15822,"cluster2"
21228,"cluster2"
16416,"cluster2"
20188,"cluster2"
22457,"cluster2"
25258,"cluster2"
20133,"cluster2"
23576,"cluster2"
19750,"cluster2"
22096,"cluster2"
16667,"cluster2"
21697,"cluster2"
20180,"cluster2"
17970,"cluster2"
20561,"cluster2"
22138,"cluster2"
18076,"cluster2"
18690,"cluster2"
17878,"cluster2"
19069,"cluster2"
22410,"cluster2"
14954,"cluster2"
21996,"cluster2"
20288,"cluster2"
19537,"cluster2"
22942,"cluster2"
21777,"cluster2"
20659,"cluster2"
20386,"cluster2"
24133,"cluster2"
18382,"cluster2"
16750,"cluster2"
20053,"cluster2"
20774,"cluster2"
14728,"cluster2"
19686,"cluster2"
22913,"cluster2"
20526,"cluster2"
17906,"cluster2"
24138,"cluster2"
21506,"cluster2"
16993,"cluster2"
23071,"cluster2"
18754,"cluster2"
16309,"cluster2"
16720,"cluster2"
18248,"cluster2"
14449,"cluster2"
22427,"cluster2"
20625,"cluster2"
23194,"cluster2"
20016,"cluster2"
26721,"cluster2"
22668,"cluster2"
18904,"cluster2"
20333,"cluster2"
22922,"cluster2"
18102,"cluster2"
22012,"cluster2"
16920,"cluster2"
16550,"cluster2"
18185,"cluster2"
16843,"cluster2"
22659,"cluster2"
22945,"cluster2"
20323,"cluster2"
26897,"cluster2"
18448,"cluster2"
20075,"cluster2"
18821,"cluster2"
22268,"cluster2"
16235,"cluster2"
23913,"cluster2"
22030,"cluster2"
15145,"cluster2"
17973,"cluster2"
18943,"cluster2"
17283,"cluster2"
19136,"cluster2"
17997,"cluster2"
17331,"cluster2"
20811,"cluster2"
19586,"cluster2"
22095,"cluster2"
21458,"cluster2"
19615,"cluster2"
19669,"cluster2"
19852,"cluster2"
16578,"cluster2"
20125,"cluster2"
20717,"cluster2"
16707,"cluster2"
24957,"cluster2"
19343,"cluster2"
23030,"cluster2"
27746,"cluster2"
22211,"cluster2"
15994,"cluster2"
21273,"cluster2"
23426,"cluster2"
22788,"cluster2"
25114,"cluster2"
20771,"cluster2"
17982,"cluster2"
20533,"cluster2"
17217,"cluster2"
22031,"cluster2"
19187,"cluster2"
15025,"cluster2"
20459,"cluster2"
21433,"cluster2"
15197,"cluster2"
18717,"cluster2"
24609,"cluster2"
17280,"cluster2"
14568,"cluster2"
15596,"cluster2"
17326,"cluster2"
21985,"cluster2"
16419,"cluster2"
17786,"cluster2"
22557,"cluster2"
18027,"cluster2"
20610,"cluster2"
20414,"cluster2"
23872,"cluster2"
20408,"cluster2"
18153,"cluster2"
19517,"cluster2"
24160,"cluster2"
21596,"cluster2"
24839,"cluster2"
16476,"cluster2"
21716,"cluster2"
19540,"cluster2"
19469,"cluster2"
20193,"cluster2"
23214,"cluster2"
17747,"cluster2"
23875,"cluster2"
19884,"cluster2"
17987,"cluster2"
20982,"cluster2"
20822,"cluster2"
20512,"cluster2"
19292,"cluster2"
20786,"cluster2"
22435,"cluster2"
19673,"cluster2"
21622,"cluster2"
25308,"cluster2"
23250,"cluster2"
22754,"cluster2"
22824,"cluster2"
18470,"cluster2"
18525,"cluster2"
20130,"cluster2"
19229,"cluster2"
17046,"cluster2"
17451,"cluster2"
18580,"cluster2"
18399,"cluster2"
23974,"cluster2"
20711,"cluster2"
22636,"cluster2"
21926,"cluster2"
22855,"cluster2"
19979,"cluster2"
22652,"cluster2"
21869,"cluster2"
24108,"cluster2"
15371,"cluster2"
17333,"cluster2"
22912,"cluster2"
22357,"cluster2"
20109,"cluster2"
19114,"cluster2"
19278,"cluster2"
18915,"cluster2"
18290,"cluster2"
17924,"cluster2"
18618,"cluster2"
19502,"cluster2"
21514,"cluster2"
16606,"cluster2"
17707,"cluster2"
15823,"cluster2"
24495,"cluster2"
16856,"cluster2"
23811,"cluster2"
18886,"cluster2"
17789,"cluster2"
19911,"cluster2"
22617,"cluster2"
17710,"cluster2"
21667,"cluster2"
23161,"cluster2"
22400,"cluster2"
20296,"cluster2"
15647,"cluster2"
19481,"cluster2"
21730,"cluster2"
24549,"cluster2"
21328,"cluster2"
19903,"cluster2"
19258,"cluster2"
17746,"cluster2"
20091,"cluster2"
23519,"cluster2"
16934,"cluster2"
22905,"cluster2"
19095,"cluster2"
18416,"cluster2"
19226,"cluster2"
18379,"cluster2"
21939,"cluster2"
18355,"cluster2"
16941,"cluster2"
17259,"cluster2"
21736,"cluster2"
15029,"cluster2"
16651,"cluster2"
19912,"cluster2"
19932,"cluster2"
19036,"cluster2"
19203,"cluster2"
21185,"cluster2"
24354,"cluster2"
21119,"cluster2"
19494,"cluster2"
22372,"cluster2"
17173,"cluster2"
20434,"cluster2"
21072,"cluster2"
22875,"cluster2"
16692,"cluster2"
18687,"cluster2"
20820,"cluster2"
27248,"cluster2"
17802,"cluster2"
17856,"cluster2"
18938,"cluster2"
16987,"cluster2"
18997,"cluster2"
22677,"cluster2"
20731,"cluster2"
19556,"cluster2"
19362,"cluster2"
21023,"cluster2"
24367,"cluster2"
23696,"cluster2"
21338,"cluster2"
18688,"cluster2"
24686,"cluster2"
27043,"cluster2"
20951,"cluster2"
18440,"cluster2"
15318,"cluster2"
16002,"cluster2"
19846,"cluster2"
22368,"cluster2"
16346,"cluster2"
18453,"cluster2"
20320,"cluster2"
20054,"cluster2"
18278,"cluster2"
17732,"cluster2"
16623,"cluster2"
17191,"cluster2"
17923,"cluster2"
19474,"cluster2"
14583,"cluster2"
15412,"cluster2"
24138,"cluster2"
16404,"cluster2"
20730,"cluster2"
17151,"cluster2"
17817,"cluster2"
13104,"cluster2"
17737,"cluster2"
19203,"cluster2"
23831,"cluster2"
20986,"cluster2"
18544,"cluster2"
21749,"cluster2"
25659,"cluster2"
19131,"cluster2"
18231,"cluster2"
19397,"cluster2"
21304,"cluster2"
19312,"cluster2"
17762,"cluster2"
21806,"cluster2"
20898,"cluster2"
18891,"cluster2"
17233,"cluster2"
24507,"cluster2"
15380,"cluster2"
24006,"cluster2"
21824,"cluster2"
23960,"cluster2"
21954,"cluster2"
21638,"cluster2"
23679,"cluster2"
18213,"cluster2"
20295,"cluster2"
20161,"cluster2"
17223,"cluster2"
18671,"cluster2"
20952,"cluster2"
17438,"cluster2"
24008,"cluster2"
17391,"cluster2"
17246,"cluster2"
19280,"cluster2"
18049,"cluster2"
14679,"cluster2"
20728,"cluster2"
16839,"cluster2"
15245,"cluster2"
22537,"cluster2"
22669,"cluster2"
20974,"cluster2"
22171,"cluster2"
21212,"cluster2"
21461,"cluster2"
19168,"cluster2"
17667,"cluster2"
19754,"cluster2"
21342,"cluster2"
22525,"cluster2"
23715,"cluster2"
22783,"cluster2"
15824,"cluster2"
18285,"cluster2"
14867,"cluster2"
19709,"cluster2"
19923,"cluster2"
16515,"cluster2"
18689,"cluster2"
17369,"cluster2"
20953,"cluster2"
16678,"cluster2"
22398,"cluster2"
16361,"cluster2"
26219,"cluster2"
17508,"cluster2"
18482,"cluster2"
22762,"cluster2"
15959,"cluster2"
22202,"cluster2"
23286,"cluster2"
17654,"cluster2"
21446,"cluster2"
18710,"cluster2"
14691,"cluster2"
20885,"cluster2"
19319,"cluster2"
20970,"cluster2"
21501,"cluster2"
14095,"cluster2"
21563,"cluster2"
18630,"cluster2"
16310,"cluster2"
17063,"cluster2"
21919,"cluster2"
19756,"cluster2"
23759,"cluster2"
23806,"cluster2"
19460,"cluster2"
22627,"cluster2"
16182,"cluster2"
21160,"cluster2"
18649,"cluster2"
17126,"cluster2"
19660,"cluster2"
15422,"cluster2"
18886,"cluster2"
20262,"cluster2"
20702,"cluster2"
25979,"cluster2"
19739,"cluster2"
21782,"cluster2"
22006,"cluster2"
21696,"cluster2"
22519,"cluster2"
18990,"cluster2"
19530,"cluster2"
22950,"cluster2"
25640,"cluster2"
22055,"cluster2"
17051,"cluster2"
19672,"cluster2"
17758,"cluster2"
21040,"cluster2"
24599,"cluster2"
24308,"cluster2"
20362,"cluster2"
20902,"cluster2"
13770,"cluster2"
21986,"cluster2"
22897,"cluster2"
18403,"cluster2"
15577,"cluster2"
19194,"cluster2"
20138,"cluster2"
15677,"cluster2"
24673,"cluster2"
21441,"cluster2"
25028,"cluster2"
20309,"cluster2"
19993,"cluster2"
18920,"cluster2"
14724,"cluster2"
18069,"cluster2"
23771,"cluster2"
19533,"cluster2"
16369,"cluster2"
19796,"cluster2"
18782,"cluster2"
22442,"cluster2"
19690,"cluster2"
20997,"cluster2"
13716,"cluster2"
20074,"cluster2"
14497,"cluster2"
18355,"cluster2"
23061,"cluster2"
20260,"cluster2"
19386,"cluster2"
14767,"cluster2"
20126,"cluster2"
20414,"cluster2"
21547,"cluster2"
13742,"cluster2"
17566,"cluster2"
21639,"cluster2"
21648,"cluster2"
23280,"cluster2"
21774,"cluster2"
23884,"cluster2"
22580,"cluster2"
24860,"cluster2"
18673,"cluster2"
27865,"cluster2"
18978,"cluster2"
23404,"cluster2"
17687,"cluster2"
20045,"cluster2"
18489,"cluster2"
12097,"cluster2"
20162,"cluster2"
17242,"cluster2"
19870,"cluster2"
13554,"cluster2"
17041,"cluster2"
15962,"cluster2"
22706,"cluster2"
19118,"cluster2"
20211,"cluster2"
20146,"cluster2"
24117,"cluster2"
16006,"cluster2"
18494,"cluster2"
21990,"cluster2"
17504,"cluster2"
20579,"cluster2"
15006,"cluster2"
17707,"cluster2"
20865,"cluster2"
25110,"cluster2"
27094,"cluster2"
17343,"cluster2"
19119,"cluster2"
29405,"cluster2"
23481,"cluster2"
21737,"cluster2"
19475,"cluster2"
19519,"cluster2"
19075,"cluster2"
19702,"cluster2"
18816,"cluster2"
22480,"cluster2"
21856,"cluster2"
20570,"cluster2"
16836,"cluster2"
15154,"cluster2"
23691,"cluster2"
19187,"cluster2"
19497,"cluster2"
22557,"cluster2"
21189,"cluster2"
17832,"cluster2"
20982,"cluster2"
18041,"cluster2"
19263,"cluster2"
22955,"cluster2"
20123,"cluster2"
23437,"cluster2"
23605,"cluster2"
19153,"cluster2"
24415,"cluster2"
17294,"cluster2"
18040,"cluster2"
21424,"cluster2"
18560,"cluster2"
15642,"cluster2"
16540,"cluster2"
16781,"cluster2"
21493,"cluster2"
18137,"cluster2"
23846,"cluster2"
22183,"cluster2"
18518,"cluster2"
22877,"cluster2"
17552,"cluster2"
22049,"cluster2"
18705,"cluster2"
23339,"cluster2"
21157,"cluster2"
21278,"cluster2"
19484,"cluster2"
21294,"cluster2"
17451,"cluster2"
18958,"cluster2"
15260,"cluster2"
18924,"cluster2"
22332,"cluster2"
18593,"cluster2"
21862,"cluster2"
21187,"cluster2"
15835,"cluster2"
16423,"cluster2"
21950,"cluster2"
20945,"cluster2"
22217,"cluster2"
18776,"cluster2"
23344,"cluster2"
19074,"cluster2"
20067,"cluster2"
18737,"cluster2"
25034,"cluster2"
25439,"cluster2"
17141,"cluster2"
20292,"cluster2"
17738,"cluster2"
16635,"cluster2"
127797,"cluster1"
49770,"cluster2"
